Architecture,NORAD_CAT_ID,ObjectName,X_old_m,Y_old_m,Z_old_m,Az_old_deg,El_old_deg,Range_old_km,Visible_old,ObjectName_new,X_new_m,Y_new_m,Z_new_m,Az_new_deg,El_new_deg,Range_new_km,Visible_new,dX_m,dY_m,dZ_m,PositionDiff3D_m,AzimuthDiff_deg,ElevationDiff_deg,RangeDiff_m,VisibilityChanged
GEO,38087,SES 4,39086222.740903,-15789991.0162358,17087.0068741028,45.0032402140899,54.1013624986736,36819.4953401175,1,SES 4,39086346.7217081,-15789629.7320438,24474.6420362004,44.9912353944173,54.0922879744417,36819.9953476362,1,123.980805106461,361.28419200331,7387.63516209757,7397.50301086027,-0.0120048196726259,-0.0090745242318917,500.00751871994,0
GEO,41589,EUTE 117W B,-19147141.2512443,-37566041.1960455,1896.94360067683,276.429816995895,6.27323595832616,40987.0571812205,1,EUTE 117W B,-19144951.8262545,-37567141.0381598,-939.4318723926,276.427549458435,6.27790923471064,40986.5351338316,1,2189.42498985305,-1099.84211420268,-2836.37547306943,3748.10089066406,-0.00226753745977248,0.00467327638448012,-522.047388847568,0
GEO,41904,STARONE D1,4394575.14422311,-41932662.0319523,1790.96440116684,294.216599837086,37.3406560176673,37985.3125490381,1,STARONE D1,4394800.50544468,-41932687.6145761,-3851.03023687049,294.207831556629,37.3455227496189,37984.9731398669,1,225.361221564002,-25.5826238244772,-5641.99463803734,5646.55165977153,-0.00876828045664979,0.00486673195162979,-339.409171210718,0
GEO,42692,SGDC,10985072.9433431,-40707252.3293459,5044.4134942018,302.182413957248,45.5814277010485,37368.3126066722,1,SGDC,10983061.3201966,-40707887.4674777,376.40026686869,302.171548259795,45.5833905310938,37368.267443763,1,-2011.62314648367,-635.138131819665,-4668.01322733311,5122.53605360832,-0.0108656974528571,0.00196283004527231,-45.1629092131043,0
GEO,43175,SES 14,28481992.6149524,-31085061.3385624,5660.35486634706,349.10928192116,62.8151138064478,36383.0808056487,1,SES 14,28482690.7078701,-31084476.7632199,8378.51928851002,349.11400001101,62.8111617872626,36383.2948543781,1,698.092917662114,584.575342491269,2718.16442216296,2866.6147070458,0.00471808984951849,-0.00395201918515653,214.048729358183,0
GEO,43228,HISPASAT 30W-6,36493454.0795895,-21087078.6727449,20213.3398276434,31.1359932117341,59.3448005275951,36532.4440847541,1,HISPASAT 30W-6,36494011.2200715,-21086045.4462184,26639.5544373358,31.1297501397004,59.335087591415,36532.8900917548,1,557.140481941402,1033.22652644292,6426.21460969238,6532.54902632862,-0.00624307203372609,-0.00971293618003699,446.007000718964,0
GEO,43562,TELSTAR 19V,19129280.5193364,-37566152.5033232,-17142.3284611536,317.144697247998,55.1997820842728,36758.5569175018,1,TELSTAR 19V,19130061.0304763,-37565793.9925773,-19072.0040968963,317.143220618637,55.2029571956807,36758.4167144551,1,780.511139828712,358.510745875537,-1929.6756357427,2112.19687848551,-0.00147662936183224,0.00317511140789861,-140.203046721581,0
LEO,48482,STARLINK-2525,3903419.23786253,-4983805.07433055,-2623393.70202456,269.897762456112,23.1947657573421,1041.86565391112,1,STARLINK-2525,3903411.88303337,-4983803.98648582,-2623406.717391,269.896903505477,23.1946445285598,1041.86935556647,1,-7.35482915258035,1.08784472383559,-13.0153664359823,14.9892188412111,-0.000858950634892608,-0.000121228782298033,3.70165534263833,0
LEO,56537,STARLINK-6311,5266158.62402871,-3271814.16997048,-2943327.87553348,106.673164629352,16.1217524763954,1329.04671267547,1,STARLINK-6311,5266152.52610922,-3271813.71706992,-2943339.2939732,106.673745843487,16.1217564239417,1329.04659723609,1,-6.09791949018836,0.452900561038405,-11.4184397179633,12.9526254720721,0.000581214135451091,3.94754626142912e-06,-0.115439375576898,0
LEO,57470,STARLINK-30186,4682138.5442905,-3693767.93819929,-3194307.25229674,141.601537454233,22.3163543770973,897.39526715633,1,STARLINK-30186,4682131.77209762,-3693766.48626021,-3194318.86204598,141.602288442464,22.3161049846274,897.402273854977,1,-6.77219288609922,1.45193907944486,-11.6097492384724,13.5187647718704,0.00075098823162989,-0.000249392469925169,7.00669864670544,0
LEO,58736,STARLINK-31076,5523038.46842874,-3341179.75631878,-2330804.72421977,77.8934015440864,14.1357955959954,1422.24625995765,1,STARLINK-31076,5523033.04023797,-3341180.59925044,-2330816.5074355,77.8938581345586,14.1359196170918,1422.24003519572,1,-5.42819076962769,-0.842931656632572,-11.7832157365046,13.0007677428002,0.000456590472253993,0.000124021096331361,-6.22476192893373,0
LEO,59340,STARLINK-31562,4351035.38379753,-4802568.82487113,-2258175.61291001,308.530705107683,34.4187057739166,804.273785421433,1,STARLINK-31562,4351028.67517544,-4802568.74448212,-2258188.71601828,308.529515675035,34.4189453674273,804.269824333788,1,-6.70862208865583,0.080389017239213,-13.1031082705595,14.7208532046379,-0.00118943264806148,0.000239593510642067,-3.96108764425662,0
LEO,59544,STARLINK-31556,4506328.82799725,-4845540.94640858,-1818852.15622156,333.058048654194,22.9701800817053,1064.23765101053,1,STARLINK-31556,4506322.51857224,-4845541.75093671,-1818865.65275762,333.057421687819,22.970470824131,1064.22879181982,1,-6.30942501034588,-0.804528137668967,-13.4965360632632,14.9202076122433,-0.000626966374966287,0.000290742425708146,-8.85919070447017,0
LEO,59960,STARLINK-31856,5145628.18266631,-3756020.82630401,-2502146.79221291,80.2804776145775,27.8537409633645,903.950281814602,1,STARLINK-31856,5145622.06446001,-3756021.08842177,-2502158.98630574,80.2813359948084,27.8539778863297,903.944909703246,1,-6.11820629704744,-0.262117758858949,-12.1940928259864,13.6454041296516,0.000858380230852163,0.000236922965136444,-5.37211135588223,0
LEO,60271,STARLINK-32164,3584793.98429167,-4884333.61051836,-3184873.98120585,240.051160551497,15.4418569354768,1321.14734607474,1,STARLINK-32164,3584786.18393018,-4884331.22806889,-3184886.41901293,240.050683984808,15.4416586013865,1321.15673281998,1,-7.8003614898771,2.38244946487248,-12.4378070826642,14.873491515142,-0.000476566689059155,-0.000198334090324437,9.38674523899863,0
LEO,64037,STARLINK-34008,5015675.26404622,-3276386.25993581,-3532126.30263828,133.031901384635,16.7836289790394,1497.7870893745,1,STARLINK-34008,5015668.44146702,-3276384.58114986,-3532137.55211874,133.032367645787,16.7835142627001,1497.79263433748,1,-6.82257919758558,1.67878595320508,-11.2494804565795,13.2633600466462,0.000466261151814251,-0.00011471633932203,5.54496297422702,0
LEO,64047,STARLINK-33961,5080778.97297204,-3267159.12141127,-3446060.9308973,128.77607548587,17.2136814608431,1476.50061536272,1,STARLINK-33961,5080772.29989419,-3267157.64779378,-3446072.17075446,128.7765647118,17.2135831832007,1476.50526277216,1,-6.67307784967124,1.47361749317497,-11.2398571604863,13.1543112891591,0.000489225930238035,-9.82776424081067e-05,4.64740944062214,0
LEO,65175,STARLINK-34949,4566261.61833383,-4388060.67480693,-2609964.23468101,299.745939478593,80.4059290332709,480.87896455941,1,STARLINK-34949,4566254.80341694,-4388060.17914832,-2609976.99653777,299.735833397304,80.4062965591807,480.878513591036,1,-6.81491689197719,0.49565861094743,-12.7618567598984,14.4759717346825,-0.0101060812881428,0.000367525909794608,-0.450968374536842,0
LEO,65279,STARLINK-35023,4274581.45319988,-5056804.33406444,-2053033.08246064,310.592774092448,25.9100075670765,1107.74690360492,1,STARLINK-35023,4274574.60318272,-5056804.57193685,-2053046.76619125,310.591959585665,25.910177411834,1107.74212808274,1,-6.85001716762781,-0.237872402183712,-13.6837306150701,15.3043719904582,-0.00081450678260353,0.000169844757486715,-4.77552218171695,0
LEO,65348,STARLINK-34859,4924629.05176185,-3989549.97818308,-2584194.19150695,82.798610511026,43.9631323281111,652.882468778254,1,STARLINK-34859,4924622.62050169,-3989549.97443109,-2584206.45832634,82.800130821656,43.9635267478038,652.878450010093,1,-6.43126015551388,0.00375199224799871,-12.2668193918653,13.8504866072636,0.00152031062998503,0.000394419692689496,-4.01876816135882,0
LEO,65388,STARLINK-34957,4616727.69953888,-4932114.19035118,-1552848.17631571,339.805264143008,19.426335196836,1325.16937341568,1,STARLINK-34957,4616721.53928341,-4932115.62290637,-1552861.95063805,339.804815231279,19.4265851717204,1325.15935182921,1,-6.16025547124445,-1.43255519401282,-13.7743223372381,15.1569428878329,-0.000448911728767598,0.000249974884347637,-10.0215864720212,0
LEO,66267,STARLINK-35550,3858253.82325145,-4567090.20386721,-3333548.77278212,221.297423672031,20.7345766346506,1109.7556306707,1,STARLINK-35550,3858246.07382653,-4567087.84144314,-3333560.98270301,221.297059703096,20.7342459273151,1109.76704196665,1,-7.74942491529509,2.36242407374084,-12.2099208924919,14.6532181524366,-0.000363968934834702,-0.000330707335542968,11.411295947255,0
LEO,66864,STARLINK-36070,4844307.93164502,-4263802.20641534,-2334710.84049904,31.9439104650552,49.9597010314455,621.054833759744,1,STARLINK-36070,4844301.48152959,-4263800.69839608,-2334724.2682029,31.9446143440148,49.9606962091958,621.045683425491,1,-6.45011542644352,1.50801925826818,-13.4277038658038,14.9726865393447,0.000703878959598114,0.000995177750318987,-9.15033425258116,0
LEO,67011,STARLINK-36167,3736009.08618488,-4837823.24581599,-3317097.88385264,233.02805974917,21.4607187543054,1299.12844866182,1,STARLINK-36167,3736001.18650819,-4837820.79155057,-3317110.36481835,233.027618200318,21.4604501520916,1299.13846327732,1,-7.89967669546604,2.45426541659981,-12.480965715833,14.9734036153376,-0.000441548851824791,-0.000268602213818525,10.0146154977665,0
LEO,67734,STARLINK-36749,4698405.60358268,-4789728.15440748,-1372169.10824359,348.407140359271,13.9355148889842,1393.21140268189,1,STARLINK-36749,4698399.75813333,-4789729.99911166,-1372182.69464153,348.406801871446,13.9357374939901,1393.2000427376,1,-5.84544935263693,-1.8447041856125,-13.5863979449496,14.9051139138616,-0.000338487825104039,0.000222605005950172,-11.3599442900068,0
LEO,67736,STARLINK-36317,4130422.50664002,-4536656.78150577,-3045694.00543002,226.913939780845,34.2785630178708,789.382922997058,1,STARLINK-36317,4130415.00746074,-4536655.0829438,-3045706.60810663,226.913263585456,34.2779778058556,789.392601949281,1,-7.49917928036302,1.69856196455657,-12.602676613722,14.7631385706604,-0.000676195388876977,-0.000585212015153047,9.67895222322568,0
LEO,67950,STARLINK-36887,3956169.69443596,-5322628.91854805,-1763656.31685237,307.470716406225,12.4723038423911,1507.72800780441,1,STARLINK-36887,3956163.00140672,-5322629.37898669,-1763669.94860933,307.470157181084,12.472383900209,1507.72354252998,1,-6.69302924256772,-0.460438640788198,-13.6317569562234,15.1932038062202,-0.000559225141557818,8.00578178683509e-05,-4.46527443818923,0
MEO,40079,O3B FM3,-1468303.62399937,-14371230.8548404,8196.31068231541,286.504645331809,8.11295920825698,12090.8633815234,1,O3B FM3,-1468383.73661374,-14371220.7992362,7263.89949973982,286.500521103731,8.11451396242544,12090.7024046762,1,-80.1126143720467,10.0556042306125,-932.411182575582,935.900507292288,-0.00412422807784196,0.00155475416845618,-160.976847175334,0
MEO,40080,O3B FM7,14434944.1863356,318944.847743585,5967.46413282225,68.4756480074101,15.9688433110549,11314.57579893,1,O3B FM7,14434937.5425288,319027.448683211,6785.46677883173,68.4721792546663,15.966575544296,11314.7800522445,1,-6.64380680210888,82.6009396261652,818.00264600948,822.189384676341,-0.00346875274379954,-0.00226776675886065,204.253314512243,0
MEO,40081,O3B FM6,9781090.85770754,-10622640.7766963,11588.7301773715,349.458164493519,50.4742954404409,8934.79781761321,1,O3B FM6,9780980.21692632,-10622739.7291548,11483.2796854167,349.456511265238,50.4747772802389,8934.77359425547,1,-110.640781218186,-98.9524585176259,-105.450491954758,182.07904264015,-0.00165322828166836,0.000481839798020189,-24.2233577446314,0
MEO,43231,O3B FM15,4372947.57940292,-13763372.2979365,11731.453629561,304.840720089687,31.4608937615865,10045.694555465,1,O3B FM15,4372977.17841781,-13763362.5799808,11174.382134299,304.838039249605,31.4629433849282,10045.5482123742,1,29.5990148913115,9.7179557736963,-557.071495262011,557.941924558828,-0.00268084008217784,0.0020496233416587,-146.343090747905,0
MEO,43234,O3B FM13,14437359.6518957,320296.723771316,4966.29161850938,68.4836798554377,15.9713627145279,11317.0437977047,1,O3B FM13,14437355.4356822,320381.211186824,5818.10497403325,68.4800639158015,15.9690137846431,11317.2582190465,1,-4.216213516891,84.4874155076686,851.813355523864,856.003441864815,-0.00361593963623363,-0.00234892988484958,214.421341837806,0
MEO,44115,O3B FM18,13244163.0234104,-5750861.9059518,12496.2020269793,42.779194165427,40.5155908555501,9453.76374414948,1,O3B FM18,13244193.7212157,-5750780.73884459,12881.8165393857,42.7778092776408,40.5135556648317,9453.87899981025,1,30.6978052780032,81.1671072095633,385.614512406331,395.258151996929,-0.00138488778625856,-0.00203519071845903,115.255660777621,0
MEO,62362,O3B MPOWER F7,10815301.2965431,-9561329.54121351,15389.5089556864,4.50255645200559,50.8898760039584,8911.56971235137,1,O3B MPOWER F7,10815350.7856485,-9561264.74365029,15422.7597012526,4.50335864318567,50.8896244417758,8911.57498945385,1,49.4891053922474,64.7975632119924,33.2507455662235,88.0540051982126,0.000802191180071077,-0.000251562182619125,5.27710248752555,0
