PoolIndex,Label,Architecture,NORAD_CAT_ID,ObjectName,Elevation_deg,SlantRange_km,Frequency_GHz,EIRP_PSD_dBW_MHz,ReceiverFoM_dBK,AtmosphericGasLoss_dB,AdditionalLoss_dB,FSPL_dB,EIRP_positioning_dBW,CN0_dBHz,SigmaRho_m,VarianceRho_m2,ReceiverChain,ParameterSource
1,HAPS1,HAPS,,HAPS1,79.9999999999987,20.2973898641975,31.15,-9.1,12.3,0.464872051720008,0,148.467964891017,-29.0012436628784,62.9659193943846,0.234398178950349,0.0549425062952398,HAPS reference CPE,ITU-R F.2439 System 6: HAPS->CPE nominal parameters
2,HAPS2,HAPS,,HAPS2,30.0000000000005,39.7939362087586,31.15,-9.1,12.3,0.915619201385096,0,154.315499008257,-29.0012436628784,56.6676381274792,0.484025560620972,0.234280743334446,HAPS reference CPE,ITU-R F.2439 System 6: HAPS->CPE nominal parameters
3,HAPS3,HAPS,,HAPS3,30.0000000000005,39.7939362087597,31.15,-9.1,12.3,0.915619201385093,0,154.315499008258,-29.0012436628784,56.667638127479,0.484025560620984,0.234280743334458,HAPS reference CPE,ITU-R F.2439 System 6: HAPS->CPE nominal parameters
4,HAPS4,HAPS,,HAPS4,24.9999999999995,46.9645667202366,31.15,-9.1,12.3,1.08326980194116,0,155.754567420543,-29.0012436628784,55.0609191146378,0.58237704342089,0.339163020703657,HAPS reference CPE,ITU-R F.2439 System 6: HAPS->CPE nominal parameters
5,LEO1,LEO,65175,STARLINK-34949,80.4062965591807,480.878513591036,20,12.274129887837,10.5,0.579644055327962,0,172.111307364204,-7.62711377504136,58.7819348054267,0.37944904379941,0.143981576840287,Starlink Gen2 user terminal,SpaceX Gen2 Technical Attachment Table A.4-5 + interpolation
6,LEO2,LEO,66864,STARLINK-36070,49.9606962091958,621.045683425491,20,15.3655293079893,10.5,0.746518913898671,0,174.333070864633,-4.53571435488905,59.4846958665788,0.349957584051343,0.122470310635053,Starlink Gen2 user terminal,SpaceX Gen2 Technical Attachment Table A.4-5 + interpolation
7,LEO3,LEO,65348,STARLINK-34859,43.9635267478038,652.878450010093,20,15.9744726686845,10.5,0.823303231135809,0,174.767246589208,-3.92677099419386,59.5826791854619,0.346031984744612,0.119738134466295,Starlink Gen2 user terminal,SpaceX Gen2 Technical Attachment Table A.4-5 + interpolation
8,LEO4,LEO,59340,STARLINK-31562,34.4189453674273,804.269824333788,20,16.9436147780766,10.5,1.01114139066859,0,176.578635404671,-2.95762888480179,58.5525943198591,0.389601380463598,0.151789235659141,Starlink Gen2 user terminal,SpaceX Gen2 Technical Attachment Table A.4-5 + interpolation
9,LEO5,LEO,67736,STARLINK-36317,34.2779778058556,789.392601949281,20,16.9579284074054,10.5,1.01478825882666,0,176.416460952198,-2.94331525547297,58.7254355335024,0.38192529816713,0.145866933380051,Starlink Gen2 user terminal,SpaceX Gen2 Technical Attachment Table A.4-5 + interpolation
10,LEO6,LEO,59960,STARLINK-31856,27.8539778863297,903.944909703246,20,17.6102114761573,10.5,1.22327301575003,0,177.593439183386,-2.29103218672111,57.9922556141431,0.41556352578583,0.17269304396355,Starlink Gen2 user terminal,SpaceX Gen2 Technical Attachment Table A.4-5 + interpolation
11,LEO7,LEO,65279,STARLINK-35023,25.910177411834,1107.74212808274,20,17.8075819858753,10.5,1.30798084169194,0,179.359373363275,-2.09366167700308,56.3389841180304,0.502690869527472,0.252698110306286,Starlink Gen2 user terminal,SpaceX Gen2 Technical Attachment Table A.4-5 + interpolation
12,LEO8,LEO,48482,STARLINK-2525,23.1946445285598,1041.86935556647,20,15.4206451525554,10.5,1.45113281870393,0,178.826865200155,-4.48059851032301,54.3414034708177,0.63267406143335,0.400276468010571,Starlink Gen2 user terminal,SpaceX Gen2 Technical Attachment Table A.4-5 + interpolation
13,MEO1,MEO,62362,O3B MPOWER F7,50.8896244417758,8911.57498945385,20,29.7,18.4,0.736581586655193,0,197.469689232583,9.7987563371216,58.5924855178835,0.387816182588776,0.150401391477731,O3b mPOWER mP85L terminal,O3b mPOWER + mP85L reference
14,MEO2,MEO,40081,O3B FM6,50.4747772802389,8934.77359425547,20,29.7,18.4,0.740962520969621,0,197.492270953837,9.7987563371216,58.5655228623151,0.389021908307775,0.151338045143423,O3b mPOWER mP85L terminal,O3b mPOWER + mP85L reference
15,MEO3,MEO,44115,O3B FM18,40.5135556648317,9453.87899981025,20,29.7,18.4,0.879791847222677,0,197.982800702634,9.7987563371216,57.9361637872645,0.418255840040631,0.174937947728094,O3b mPOWER mP85L terminal,O3b mPOWER + mP85L reference
16,MEO4,MEO,43231,O3B FM15,31.4629433849282,10045.5482123742,20,29.7,18.4,1.09501033455318,0,198.510072760077,9.7987563371216,57.1936732424916,0.455581983307328,0.207554943514239,O3b mPOWER mP85L terminal,O3b mPOWER + mP85L reference
17,MEO5,MEO,43234,O3B FM13,15.9690137846431,11317.2582190465,20,29.7,18.4,2.07743039410545,0,199.545424413991,9.7987563371216,55.1759015290248,0.574718433063963,0.330301277303497,O3b mPOWER mP85L terminal,O3b mPOWER + mP85L reference
18,MEO6,MEO,40080,O3B FM7,15.966575544296,11314.7800522445,20,29.7,18.4,2.07773937979725,0,199.543522235922,9.7987563371216,55.1774947214025,0.574613026122859,0.33018012979007,O3b mPOWER mP85L terminal,O3b mPOWER + mP85L reference
19,MEO7,MEO,40079,O3B FM3,8.11451396242544,12090.7024046762,20,29.7,18.4,4.04909100636144,0,200.119630548549,9.7987563371216,52.6300347822107,0.770457103972038,0.59360414906098,O3b mPOWER mP85L terminal,O3b mPOWER + mP85L reference
20,GEO1,GEO,41589,EUTE 117W B,6.27790923471064,40986.5351338316,19.95,37.9151498112135,20.5205999132796,5.12729057647945,0,210.701682121428,18.0139061483351,51.3055333637073,0.897374108397856,0.805280290422847,Representative GSO Ka earth station,ITU-R S.1328-5 representative GSO Ka system
21,GEO2,GEO,41904,STARONE D1,37.3455227496189,37984.9731398669,19.95,37.9151498112135,20.5205999132796,0.924259870275027,0,210.041094473252,18.0139061483351,56.1691517180879,0.512616542565435,0.26277571971174,Representative GSO Ka earth station,ITU-R S.1328-5 representative GSO Ka system
22,GEO3,GEO,42692,SGDC,45.5833905310938,37368.267443763,19.95,37.9151498112135,20.5205999132796,0.784962091413857,0,209.898917250969,18.0139061483351,56.4506267192319,0.49627096512114,0.246284870822268,Representative GSO Ka earth station,ITU-R S.1328-5 representative GSO Ka system
23,GEO4,GEO,43562,TELSTAR 19V,55.2029571956807,36758.4167144551,19.95,37.9151498112135,20.5205999132796,0.682768269020628,0,209.755993937771,18.0139061483351,56.6957438548235,0.48246188608161,0.232769471521424,Representative GSO Ka earth station,ITU-R S.1328-5 representative GSO Ka system
24,GEO5,GEO,43175,SES 14,62.8111617872626,36383.2948543781,19.95,37.9151498112135,20.5205999132796,0.63032189888848,0,209.666898520777,18.0139061483351,56.8372856419489,0.474663591465392,0.225305525062825,Representative GSO Ka earth station,ITU-R S.1328-5 representative GSO Ka system
25,GEO6,GEO,43228,HISPASAT 30W-6,59.335087591415,36532.8900917548,19.95,37.9151498112135,20.5205999132796,0.651822486470221,0,209.702538606617,18.0139061483351,56.7801449685275,0.477796489557971,0.22828948543392,Representative GSO Ka earth station,ITU-R S.1328-5 representative GSO Ka system
26,GEO7,GEO,38087,SES 4,54.0922879744417,36819.9953476362,19.95,37.9151498112135,20.5205999132796,0.69222290121634,0,209.770532586316,18.0139061483351,56.6717505740824,0.483796446712206,0.234059001851357,Representative GSO Ka earth station,ITU-R S.1328-5 representative GSO Ka system
