CatalogIndex,Architecture,NORAD_CAT_ID,ObjectName,TLEFile,X_TEME_km,Y_TEME_km,Z_TEME_km,VX_TEME_kms,VY_TEME_kms,VZ_TEME_kms,X_ECEF_m,Y_ECEF_m,Z_ECEF_m,VX_ECEF_mps,VY_ECEF_mps,VZ_ECEF_mps,Azimuth_deg,Elevation_deg,SlantRange_km,Mask_deg,Visible,uX,uY,uZ,TLEAge_h,SGP4Error
1,LEO,48482,STARLINK-2525,tle\LEO\48482\48482.tle,1296.75312677338,6196.24290352311,-2623.39370242312,-5.29826349896013,-1.15633134637881,-5.36275310889407,3903411.88303337,-4983803.98648582,-2623406.717391,2165.72240037806,4512.45900627496,-5362.74745876499,269.896903505477,23.1946445285598,1041.86935556647,5,1,-0.365610904742204,-0.917850733057394,-0.154527337903661,5.60441303998232,0
2,LEO,56537,STARLINK-6311,tle\LEO\56537\56537.tle,-890.546505678,6135.48056572419,-2943.32784034424,-6.38105244601526,1.01134778128981,4.04334571049973,5266152.52610922,-3271813.71706992,-2943339.2939732,4646.01801836445,3844.61353465634,4043.34751036604,106.673745843487,16.1217564239417,1329.04659723609,5,1,0.738741476337868,0.56861040029054,-0.361860807244414,7.676414642483,0
3,LEO,57470,STARLINK-30186,tle\LEO\57470\57470.tle,-191.570565367438,5960.67474621915,-3194.30729063405,-6.30004921831305,-2.22531070673241,-3.77826691704521,4682131.77209762,-3693766.48626021,-3194318.86204598,2087.66244840348,5910.54621524385,-3778.25871024894,141.602288442464,22.3161049846274,897.402273854977,5,1,0.443280681297556,0.371914533975023,-0.815586793055476,5.99944440275431,0
4,LEO,58736,STARLINK-31076,tle\LEO\58736\58736.tle,-1002.99570996934,6376.63207494138,-2330.80465468763,-6.10669570864465,0.68472701772017,4.51000528409194,5523033.04023797,-3341180.59925044,-2330816.5074355,4214.40152508117,3826.48526993478,4510.00751637459,77.8938581345586,14.1359196170918,1422.24003519572,5,1,0.870951688068812,0.482578762019043,0.0925251073939118,7.71607320383191,0
5,LEO,59340,STARLINK-31562,tle\LEO\59340\59340.tle,869.758393214294,6421.8141458087,-2258.17553988884,-5.63644307865437,2.36260969675412,4.55587098098361,4351028.67517544,-4802568.74448212,-2258188.71601828,5088.10702207074,2471.29108539882,4555.86987624233,308.529515675035,34.4189453674273,804.269824333788,5,1,0.0829298730503578,-0.963663295952959,0.253920633641562,10.8590426445007,0
6,LEO,59544,STARLINK-31556,tle\LEO\59544\59544.tle,802.572581627052,6568.26792755287,-1818.85223351002,-5.89745531215234,-0.603267346859023,-4.79282322334379,4506322.51857224,-4845541.75093671,-1818865.65275762,2984.82899870836,4570.43117701794,-4792.81835215194,333.057421687819,22.970470824131,1064.22879181982,5,1,0.208594091358337,-0.768648924456178,0.604704337658289,8.73012264445424,0
7,LEO,59960,STARLINK-31856,tle\LEO\59960\59960.tle,-442.571795994231,6355.25861049108,-2502.14680601413,-5.05080642145916,1.78297259924772,5.43603059653312,5145622.06446001,-3756021.08842177,-2502158.98630574,4343.80988861112,2338.8960020709,5436.03005860262,80.2813359948084,27.8539778863297,903.944909703246,5,1,0.952814020488877,0.300352757555181,-0.0439734395837,10.8247171193361,0
8,LEO,60271,STARLINK-32164,tle\LEO\60271\60271.tle,1425.95796472692,5888.47238342388,-3184.87392285549,-4.40854166161917,3.75149272698475,4.97101342868608,3584786.18393018,-4884331.22806889,-3184886.41901293,5353.25982014353,693.253136180165,4971.00889396306,240.050683984808,15.4416586013865,1321.15673281998,5,1,-0.529493949837321,-0.648528499348401,-0.546851847046879,9.22499520331621,0
9,LEO,64037,STARLINK-34008,tle\LEO\64037\64037.tle,-725.670906689587,5946.85687047203,-3532.12635995883,-3.4092566742809,3.13686265822859,5.98545765056094,5015668.44146702,-3276384.58114986,-3532137.55211874,4356.63684581079,220.646410387994,5985.45335248608,133.032367645787,16.7835142627001,1497.79263433748,5,1,0.488277044469051,0.501497227559476,-0.714203093380817,9.46774631738663,0
10,LEO,64047,STARLINK-33961,tle\LEO\64047\64047.tle,-774.672177206405,5990.70336313033,-3446.06092485306,-3.39694539860947,3.03574088264555,6.04483351643339,5080772.29989419,-3267157.64779378,-3446072.17075446,4272.04024200119,271.632968353042,6044.82939957087,128.7765647118,17.2135831832007,1476.50526277216,5,1,0.539409942673454,0.514976685899333,-0.666210122052465,7.86950184032321,0
11,LEO,65175,STARLINK-34949,tle\LEO\65175\65175.tle,414.079537713177,6319.36384162888,-2609.96432189647,1.23098278227651,2.79843202979324,6.98757901852381,4566254.80341694,-4388060.17914832,-2609976.99653777,1027.17446565505,-3077.3885383336,6987.57247048399,299.735833397304,80.4062965591807,480.878513591036,5,1,0.586268911385579,-0.749746004925127,-0.306870806108336,7.73229047656059,0
12,LEO,65279,STARLINK-35023,tle\LEO\65279\65279.tle,1113.45438318625,6527.13838249036,-2053.03322269487,0.618324775767524,-2.35650183918795,-7.18063122443935,4274574.60318272,-5056804.57193685,-2053046.76619125,-2569.37205733941,733.635932799384,-7180.62716195647,310.591959585665,25.910177411834,1107.74212808274,5,1,-0.00880717390370997,-0.929170346702616,0.369546885383127,8.84810376539826,0
13,LEO,65348,STARLINK-34859,tle\LEO\65348\65348.tle,-121.585972670198,6336.69453754828,-2584.19410283968,-4.89748833278306,-2.286094122988,-5.38754903243715,4924622.62050169,-3989549.97443109,-2584206.45832634,1115.97675216103,4859.35160625135,-5387.54163912631,82.800130821656,43.9635267478038,652.878450010093,5,1,0.980721510637374,0.0581631393982011,-0.186553927293135,5.59269215539098,0
14,LEO,65388,STARLINK-34957,tle\LEO\65388\65388.tle,797.657133143807,6708.47731662999,-1552.84825947212,1.17698403740708,1.54851048967453,7.32996906003364,4616721.53928341,-4932115.62290637,-1552861.95063805,66.3541317420711,-2234.4838623303,7329.96503672917,339.804815231279,19.4265851717204,1325.15935182921,5,1,0.250830859005284,-0.682628988678676,0.686368373387206,6.32215415686369,0
15,LEO,66267,STARLINK-35550,tle\LEO\66267\66267.tle,1007.14891220136,5893.22379693745,-3333.54875334338,-5.61692533040866,-1.77781511335597,-4.84747928538333,3858246.07382653,-4567087.84144314,-3333560.98270301,1926.1050658002,5159.86695790051,-4847.4722323854,221.297059703096,20.7342459273151,1109.76704196665,5,1,-0.38394058465063,-0.486196099100091,-0.784985974828841,4.06999079883099,0
16,LEO,66864,STARLINK-36070,tle\LEO\66864\66864.tle,139.908776393158,6451.95616292355,-2334.71151411247,-5.961353655904,-1.49846319809608,-4.50765067587446,4844301.48152959,-4263800.69839608,-2334724.2682029,2383.77428356059,5171.40212245911,-4507.64409498793,31.9446143440148,49.9606962091958,621.045683425491,5,1,0.901657987051399,-0.380450697867735,0.205597035188676,8.76064008101821,0
17,LEO,67011,STARLINK-36167,tle\LEO\67011\67011.tle,1292.96364893053,5974.15628480323,-3317.09778819156,-2.17476970178932,3.87181796538653,6.12987026510064,3736001.18650819,-4837820.79155057,-3317110.36481835,4009.52450933625,-1103.68194147103,6129.86399835461,233.027618200318,21.4604501520916,1299.13846327732,5,1,-0.422071634191904,-0.623719010502804,-0.657898268388038,9.47758080437779,0
18,LEO,67734,STARLINK-36749,tle\LEO\67734\67734.tle,636.137936725057,6679.20948919699,-1372.16916740292,0.839013775301043,-1.5953256865081,-7.41374761481823,4698399.75813333,-4789729.99911166,-1372182.69464153,-2109.93418930504,43.5449917533231,-7413.74526724913,348.406801871446,13.9357374939901,1393.2000427376,5,1,0.297207195439421,-0.547090540483215,0.78253423151503,8.6631189621985,0
19,LEO,67736,STARLINK-36317,tle\LEO\67736\67736.tle,808.523485705062,6081.77056445717,-3045.69413968092,0.627792250974613,-3.46533001348273,-6.76470666235848,4130415.00746074,-4536655.0829438,-3045706.60810663,-3385.57099873722,1451.29161064219,-6764.70045228777,226.913263585456,34.2779778058556,789.392601949281,5,1,-0.194979878078918,-0.644966328487842,-0.738918995737181,8.72836824506521,0
20,LEO,67950,STARLINK-36887,tle\LEO\67950\67950.tle,1521.89956406067,6454.88025750073,-1763.65627762853,-5.32085314091103,2.56789903278933,4.81794537637887,3956163.00140672,-5322629.37898669,-1763669.94860933,5003.863635357,2126.4603781396,4817.94375242677,307.470157181084,12.472383900209,1507.72354252998,5,1,-0.21765772708425,-0.858981045082294,0.463440047934841,10.8882544822991,0
21,MEO,40079,O3B FM3,tle\MEO\40079\40079.tle,11937.1164782544,8135.93190089954,7.28773630294428,-2.95917799246193,4.34023105884709,0.00349767346641119,-1468383.73661374,-14371220.7992362,7263.89949973982,4177.9440915849,-426.031811538197,3.49242395914374,286.500521103731,8.11451396242544,12090.7024046762,5,1,-0.47579654389095,-0.855508391349253,0.204262187280076,24.4438884034753,0
22,MEO,40080,O3B FM7,tle\MEO\40080\40080.tle,-9543.99118168137,10834.2712025466,6.80043646810782,-3.94450440000198,-3.47335591702748,-0.00311767176832067,14434937.5425288,319027.448683211,6785.46677883173,-91.8252346134856,4201.91634267138,-3.11014143137547,68.4721792546663,15.966575544296,11314.7800522445,5,1,0.897110400283038,0.384148066806664,0.218227387082167,11.344659358263,0
23,MEO,40081,O3B FM6,tle\MEO\40081\40081.tle,1822.6561236328,14324.3882011824,11.5125927339041,-5.21336390607836,0.662361366156488,0.000130741748788149,9780980.21692632,-10622739.7291548,11483.2796854167,3090.76506508134,2847.19018384353,0.132451220819696,349.456511265238,50.4747772802389,8934.77359425547,5,1,0.615197405753531,-0.738151473548929,0.276883647136609,29.8869153633714,0
24,MEO,43231,O3B FM15,tle\MEO\43231\43231.tle,7708.81316177772,12211.7680086773,11.2034299628635,-4.44415055803332,2.80387655528137,0.00284075094954884,4372977.17841781,-13763362.5799808,11174.382134299,4003.9925140998,1273.54082085552,2.83869450622916,304.838039249605,31.4629433849282,10045.5482123742,5,1,0.00882445594790062,-0.969169520610029,0.246236815480037,15.1616006344557,0
25,MEO,43234,O3B FM13,tle\MEO\43234\43234.tle,-9546.58431229967,10835.2482154513,5.83307487101954,-3.9434185590999,-3.4732404389698,-0.00467685424278723,14437355.4356822,320381.211186824,5818.10497403325,-92.3377760105988,4200.83518180423,-4.66932526642638,68.4800639158015,15.9690137846431,11317.2582190465,5,1,0.897127604444851,0.384183568295594,0.218094124622164,11.3449994400144,0
26,MEO,44115,O3B FM18,tle\MEO\44115\44115.tle,-4134.65341957163,13834.1890583275,12.9062399084949,-5.0353963956206,-1.50553970188366,-0.00149875353969301,13244193.7212157,-5750780.73884459,12881.8165393857,1673.36840431919,3855.25346321682,-1.49373589594406,42.7778092776408,40.5135556648317,9453.87899981025,5,1,0.947744628490628,-0.182280448496334,0.261828106327675,11.0156822428107,0
27,MEO,62362,O3B MPOWER F7,tle\MEO\62362\62362.tle,344.428095996964,14431.5960489499,15.451308543153,-5.255338935837,0.123558559319298,-0.00152610289958987,10815350.7856485,-9561264.74365029,15422.7597012526,2783.13700242567,3150.99968715837,-1.52352506033239,4.50335864318567,50.8896244417758,8911.57498945385,5,1,0.732869342695565,-0.620961088861389,0.278046493696735,10.775685120374,0
28,GEO,38087,SES 4,tle\GEO\38087\38087.tle,-13106.2902316504,40065.9463891422,24.5446297516288,-2.92279385673972,-0.956509950399586,0.00117407783938418,39086346.7217081,-15789629.7320438,24474.6420362004,0.134037944788833,1.37626983742712,1.17408012921855,44.9912353944173,54.0922879744417,36819.9953476362,5,1,0.945193385071873,-0.319448880594978,0.0675416723437409,16.6611271239817,0
29,GEO,41589,EUTE 117W B,tle\GEO\41589\41589.tle,41065.7949265614,9561.36775488833,-0.893593051086681,-0.697190172744219,2.99461822843512,1.97196633338111e-05,-19144951.8262545,-37567141.0381598,-939.4318723926,0.0176349520844629,-0.0616264634530316,0.0197195353635562,276.427549458435,6.27790923471064,40986.5351338316,5,1,-0.571633645793601,-0.818308195457731,0.060055576289193,6.12596136331558,0
30,GEO,41904,STARONE D1,tle\GEO\41904\41904.tle,29238.5959565222,30377.11423353,-3.77213857822111,-2.21575174541023,2.13191612781924,0.00153863723574591,4394800.50544468,-41932687.6145761,-3851.03023687049,0.248048982815959,0.598584988771523,1.53863802747439,294.207831556629,37.3455227496189,37984.9731398669,5,1,0.00290825069936743,-0.997898933356462,0.0647244998737323,16.9556006379426,0
31,GEO,42692,SGDC,tle\GEO\42692\42692.tle,24057.2513757154,34626.7005965562,0.460215589817399,-2.52559944627917,1.75379749915209,0.000912395223824479,10983061.3201966,-40707887.4674777,376.40026686869,0.00315194263428028,0.75647219249597,0.91239655833331,302.171548259795,45.5833905310938,37368.267443763,5,1,0.179262542731813,-0.981591241497895,0.0659058069364635,27.6062817648053,0
32,GEO,43175,SES 14,tle\GEO\43175\43175.tle,5422.79713948434,41810.3053725413,8.46414656111886,-3.04948147287774,0.395230602137954,0.00138758036338953,28482690.7078701,-31084476.7632199,8378.51928851002,0.245681215073362,0.611391450118021,1.38758118031527,349.11400001101,62.8111617872626,36383.2948543781,5,1,0.66509534455242,-0.743664185357172,0.0679099556158835,13.3623160757124,0
33,GEO,43228,HISPASAT 30W-6,tle\GEO\43228\43228.tle,-7385.43776215965,41495.6560674339,26.7161197085852,-3.02838110940203,-0.539299461734674,0.00237557140601429,36494011.2200715,-21086045.4462184,26639.5544373358,1.02176510154326,2.36900291754612,2.3755744962886,31.1297501397004,59.335087591415,36532.8900917548,5,1,0.881662536372826,-0.466936012142639,0.0681317291793183,11.5662436746061,0
34,GEO,43562,TELSTAR 19V,tle\GEO\43562\43562.tle,16405.3157757135,38833.152472257,-18.9849786284306,-2.83311006400428,1.1960235806799,0.000824344767232018,19130061.0304763,-37565793.9925773,-19072.0040968963,0.663773093996021,1.20846923737053,0.824346190227214,317.143220618637,55.2029571956807,36758.4167144551,5,1,0.403872954187742,-0.912397038707585,0.0664701484374374,13.4371963217854,0
